"Workflow","Minutes Attended","Class"
3,278,"Passed"
6,143,"Passed"
8,72,"Passed"
5,218,"Passed"
1,219,"Passed"
6,228,"Passed"
6,79,"Passed"
9,239,"Passed"
8,96,"Passed"
2,274,"Passed"
5,293,"Passed"
5,174,"Passed"
1,250,"Passed"
6,163,"Passed"
9,7,"Passed"
9,167,"Passed"
5,163,"Passed"
2,289,"Passed"
0,34,"Not Passed"
4,158,"Passed"
10,179,"Passed"
8,215,"Passed"
9,72,"Passed"
5,269,"Passed"
6,270,"Passed"
7,152,"Passed"
8,290,"Passed"
8,280,"Passed"
5,271,"Passed"
0,75,"Not Passed"
5,242,"Passed"
6,229,"Passed"
5,206,"Passed"
1,155,"Not Passed"
0,106,"Not Passed"
2,54,"Not Passed"
6,203,"Passed"
6,168,"Passed"
4,61,"Passed"
5,79,"Passed"
4,71,"Passed"
1,34,"Not Passed"
2,245,"Passed"
3,130,"Passed"
7,241,"Passed"
3,33,"Not Passed"
5,147,"Passed"
7,129,"Passed"
8,123,"Passed"
4,108,"Passed"
4,277,"Passed"
3,48,"Not Passed"
6,249,"Passed"
2,199,"Passed"
2,263,"Passed"
2,201,"Passed"
8,152,"Passed"
9,268,"Passed"
1,288,"Passed"
9,30,"Passed"
1,112,"Not Passed"
2,155,"Not Passed"
7,208,"Passed"
3,264,"Passed"
5,109,"Passed"
7,204,"Passed"
3,69,"Not Passed"
7,21,"Passed"
6,276,"Passed"
3,209,"Passed"
2,139,"Not Passed"
8,283,"Passed"
6,232,"Passed"
1,232,"Passed"
1,85,"Not Passed"
7,237,"Passed"
6,22,"Passed"
3,281,"Passed"
5,165,"Passed"
8,150,"Passed"
5,165,"Passed"
3,111,"Passed"
0,57,"Not Passed"
8,11,"Passed"
7,125,"Passed"
1,201,"Not Passed"
1,12,"Not Passed"
5,196,"Passed"
4,260,"Passed"
3,75,"Not Passed"
9,142,"Passed"
1,299,"Passed"
1,255,"Passed"
1,14,"Not Passed"
6,229,"Passed"
5,17,"Passed"
1,269,"Passed"
6,266,"Passed"
10,78,"Passed"
0,193,"Not Passed"
7,257,"Passed"
2,205,"Passed"
2,184,"Passed"
1,291,"Passed"
2,192,"Passed"
4,9,"Not Passed"
8,250,"Passed"
9,247,"Passed"
2,231,"Passed"
4,104,"Passed"
2,221,"Passed"
9,135,"Passed"
5,80,"Passed"
3,53,"Not Passed"
2,66,"Not Passed"
1,161,"Not Passed"
8,249,"Passed"
9,184,"Passed"
8,249,"Passed"
4,113,"Passed"
0,245,"Passed"
4,49,"Passed"
8,200,"Passed"
4,210,"Passed"
1,7,"Not Passed"
8,237,"Passed"
7,119,"Passed"
8,121,"Passed"
7,49,"Passed"
3,192,"Passed"
3,78,"Not Passed"
0,75,"Not Passed"
1,100,"Not Passed"
4,26,"Passed"
2,67,"Not Passed"
1,231,"Passed"
2,174,"Passed"
9,260,"Passed"
2,117,"Not Passed"
4,226,"Passed"
2,3,"Not Passed"
4,150,"Not Passed"
8,192,"Not Passed"
2,182,"Not Passed"
8,267,"Passed"
1,20,"Not Passed"
6,128,"Passed"
7,239,"Passed"
1,96,"Not Passed"
7,86,"Passed"
1,219,"Not Passed"
4,73,"Passed"
4,154,"Passed"
7,113,"Passed"
8,228,"Passed"
4,188,"Passed"
6,14,"Passed"
7,183,"Passed"
2,193,"Passed"
7,125,"Passed"
1,52,"Not Passed"
0,21,"Not Passed"
6,255,"Passed"
2,201,"Passed"
2,38,"Not Passed"
4,226,"Passed"
1,35,"Not Passed"
0,173,"Passed"
2,58,"Not Passed"
7,247,"Passed"
5,144,"Passed"
5,72,"Passed"
3,200,"Passed"
3,81,"Not Passed"
6,42,"Passed"
10,26,"Passed"
9,193,"Passed"
8,272,"Passed"
6,160,"Passed"
3,233,"Passed"
3,14,"Not Passed"
3,11,"Not Passed"
3,20,"Not Passed"
7,105,"Passed"
8,116,"Passed"
6,34,"Passed"
6,128,"Passed"
9,238,"Passed"
1,35,"Not Passed"
9,56,"Passed"
5,271,"Passed"
4,132,"Passed"
8,58,"Passed"
6,12,"Passed"
10,84,"Passed"
5,107,"Passed"
3,299,"Passed"
1,165,"Not Passed"
5,17,"Passed"
6,121,"Passed"
7,285,"Passed"
5,289,"Passed"
6,154,"Passed"
2,92,"Not Passed"
6,63,"Passed"
2,267,"Passed"
2,256,"Passed"
7,172,"Passed"
6,122,"Passed"
3,263,"Passed"
0,236,"Passed"
0,112,"Not Passed"
6,47,"Passed"
3,199,"Passed"
9,128,"Passed"
7,260,"Passed"
3,232,"Passed"
1,182,"Not Passed"
1,35,"Not Passed"
1,60,"Not Passed"
5,115,"Passed"
1,186,"Not Passed"
8,205,"Passed"
5,225,"Passed"
4,109,"Passed"
9,53,"Passed"
9,33,"Passed"
7,292,"Passed"
1,215,"Passed"
6,293,"Passed"
10,285,"Passed"
2,210,"Not Passed"
3,212,"Passed"
3,77,"Passed"
7,287,"Passed"
3,183,"Not Passed"
6,51,"Passed"
5,279,"Passed"
2,144,"Not Passed"
8,145,"Passed"
2,194,"Passed"
9,178,"Not Passed"
2,196,"Passed"
5,287,"Passed"
5,14,"Passed"
1,20,"Not Passed"
9,113,"Passed"
10,253,"Passed"
1,1,"Not Passed"
1,85,"Not Passed"
4,22,"Not Passed"
4,44,"Passed"
8,249,"Passed"
6,259,"Passed"
4,251,"Passed"
2,119,"Not Passed"
9,38,"Passed"
5,189,"Passed"
8,193,"Passed"
1,226,"Passed"
9,76,"Passed"
7,1,"Passed"
9,55,"Passed"
6,250,"Passed"
8,198,"Passed"
7,294,"Passed"
3,9,"Not Passed"
1,4,"Not Passed"
6,80,"Passed"
0,112,"Not Passed"
5,37,"Passed"
9,25,"Passed"
0,236,"Passed"
4,147,"Passed"
1,62,"Not Passed"
9,267,"Passed"
4,292,"Passed"
10,267,"Passed"
9,93,"Passed"
2,62,"Not Passed"
3,220,"Passed"
7,112,"Passed"
3,221,"Passed"
3,52,"Not Passed"
4,67,"Not Passed"
0,297,"Passed"
9,180,"Passed"
2,64,"Not Passed"
1,148,"Not Passed"
9,142,"Passed"
9,85,"Passed"
6,207,"Passed"
9,80,"Passed"
6,185,"Passed"
4,154,"Passed"
1,198,"Not Passed"
9,121,"Passed"
8,119,"Passed"
2,208,"Passed"
9,227,"Passed"
7,260,"Passed"
4,122,"Passed"
0,163,"Not Passed"
4,51,"Passed"
8,216,"Passed"
8,265,"Passed"
2,269,"Passed"
5,73,"Passed"
9,272,"Passed"
4,60,"Not Passed"
7,22,"Passed"
9,73,"Passed"
7,125,"Passed"
2,214,"Passed"
3,48,"Not Passed"
8,161,"Passed"
2,31,"Not Passed"
2,89,"Not Passed"
6,273,"Passed"
8,70,"Passed"
1,4,"Not Passed"
3,253,"Passed"
4,104,"Passed"
7,25,"Passed"
1,151,"Not Passed"
8,240,"Passed"
5,293,"Passed"
0,295,"Passed"
2,8,"Not Passed"
4,5,"Passed"
5,157,"Passed"
9,77,"Passed"
0,268,"Passed"
4,268,"Passed"
9,15,"Passed"
2,17,"Not Passed"
3,170,"Passed"
1,249,"Passed"
6,62,"Passed"
9,35,"Passed"
7,230,"Passed"
2,88,"Not Passed"
8,127,"Passed"
5,234,"Passed"
0,6,"Not Passed"
8,223,"Not Passed"
3,52,"Not Passed"
10,150,"Passed"
7,112,"Passed"
0,149,"Not Passed"
9,190,"Passed"
5,94,"Passed"
6,206,"Passed"
8,297,"Passed"
4,138,"Passed"
2,69,"Not Passed"
4,118,"Passed"
10,81,"Passed"
9,152,"Passed"
9,79,"Passed"
10,144,"Passed"
9,244,"Passed"
8,21,"Passed"
9,252,"Passed"
5,113,"Not Passed"
9,205,"Passed"
4,176,"Passed"
7,122,"Passed"
5,245,"Passed"
7,195,"Passed"
2,58,"Not Passed"
2,274,"Passed"
3,52,"Not Passed"
2,279,"Passed"
3,14,"Not Passed"
1,20,"Not Passed"
3,252,"Passed"
2,127,"Not Passed"
5,106,"Passed"
9,205,"Not Passed"
7,38,"Passed"
3,191,"Passed"
4,10,"Passed"
5,76,"Passed"
5,103,"Passed"
8,5,"Passed"
8,35,"Passed"
6,169,"Passed"
9,219,"Passed"
4,92,"Passed"
5,185,"Passed"
8,233,"Passed"
6,185,"Passed"
6,32,"Passed"
5,271,"Passed"
3,44,"Not Passed"
4,111,"Passed"
9,271,"Passed"
3,14,"Not Passed"
5,27,"Passed"
4,84,"Passed"
10,223,"Passed"
6,260,"Passed"
8,181,"Passed"
0,94,"Not Passed"
7,197,"Passed"
3,227,"Passed"
1,142,"Not Passed"
8,251,"Passed"
2,1,"Not Passed"
6,25,"Passed"
5,111,"Passed"
9,27,"Passed"
5,300,"Passed"
9,0,"Passed"
4,166,"Passed"
2,10,"Not Passed"
9,125,"Passed"
5,270,"Passed"
10,11,"Passed"
8,192,"Passed"
8,97,"Passed"
9,151,"Passed"
7,201,"Passed"
2,143,"Not Passed"
1,53,"Not Passed"
2,105,"Not Passed"
9,40,"Passed"
5,272,"Passed"
6,124,"Passed"
7,245,"Passed"
5,73,"Passed"
7,117,"Passed"
4,177,"Passed"
6,135,"Passed"
8,263,"Passed"
9,9,"Passed"
10,76,"Passed"
1,85,"Passed"
8,163,"Passed"
7,183,"Passed"
9,77,"Passed"
2,27,"Not Passed"
3,90,"Not Passed"
6,153,"Passed"
6,105,"Passed"
5,149,"Passed"
9,137,"Passed"
5,218,"Passed"
6,224,"Not Passed"
5,84,"Passed"
6,191,"Passed"
0,213,"Not Passed"
1,208,"Not Passed"
1,212,"Not Passed"
7,160,"Passed"
3,143,"Passed"
9,206,"Passed"
1,276,"Passed"
2,38,"Passed"
6,239,"Not Passed"
5,161,"Not Passed"
3,54,"Not Passed"
3,70,"Not Passed"
0,211,"Not Passed"
1,227,"Passed"
6,156,"Passed"
9,110,"Passed"
3,156,"Passed"
10,240,"Passed"
10,299,"Passed"
9,112,"Passed"
5,191,"Passed"
5,136,"Passed"
1,62,"Not Passed"
3,222,"Passed"
6,148,"Passed"
4,237,"Passed"
5,274,"Passed"
1,279,"Passed"
4,58,"Not Passed"
2,290,"Passed"
10,38,"Passed"
1,191,"Not Passed"
3,115,"Not Passed"
8,159,"Passed"
0,81,"Not Passed"
8,252,"Passed"
6,298,"Passed"
6,292,"Passed"
3,137,"Passed"
4,286,"Passed"
9,254,"Passed"
3,286,"Passed"
10,70,"Passed"
3,265,"Passed"
5,235,"Passed"
9,29,"Passed"
5,262,"Passed"
9,35,"Passed"
9,273,"Passed"
0,272,"Passed"
7,169,"Passed"
9,284,"Passed"
4,223,"Passed"
6,94,"Passed"
7,122,"Passed"
1,242,"Passed"
4,273,"Passed"
8,101,"Passed"
4,38,"Not Passed"
7,142,"Passed"
9,278,"Passed"
2,94,"Not Passed"
10,115,"Passed"
1,240,"Passed"
7,123,"Passed"
2,98,"Not Passed"
0,271,"Passed"
5,197,"Passed"
5,68,"Passed"
6,211,"Passed"
1,8,"Not Passed"
2,167,"Passed"
9,72,"Passed"
5,87,"Passed"
6,51,"Passed"
1,279,"Passed"
6,232,"Passed"
5,61,"Not Passed"
7,169,"Passed"
2,222,"Passed"
3,115,"Passed"
2,24,"Not Passed"
9,221,"Passed"
6,203,"Passed"
1,182,"Not Passed"
8,6,"Passed"
9,11,"Passed"
5,187,"Passed"
5,104,"Passed"
3,119,"Not Passed"
3,244,"Passed"
2,167,"Passed"
6,237,"Passed"
4,94,"Passed"
6,213,"Passed"
9,244,"Passed"
2,180,"Passed"
6,207,"Passed"
3,115,"Not Passed"
3,131,"Not Passed"
4,166,"Passed"
3,244,"Passed"
4,97,"Passed"
9,35,"Passed"
3,177,"Passed"
4,121,"Passed"
8,163,"Passed"
9,48,"Passed"
7,67,"Passed"
7,153,"Passed"
4,242,"Passed"
3,40,"Not Passed"
1,46,"Not Passed"
6,213,"Passed"
10,83,"Passed"
6,125,"Passed"
10,101,"Passed"
5,4,"Passed"
5,216,"Passed"
6,220,"Passed"
7,184,"Passed"
5,232,"Passed"
9,284,"Passed"
1,42,"Not Passed"
8,115,"Passed"
9,136,"Passed"
4,267,"Passed"
3,98,"Not Passed"
5,17,"Passed"
10,171,"Passed"
6,249,"Passed"
5,163,"Passed"
4,5,"Not Passed"
7,287,"Passed"
6,294,"Passed"
7,254,"Passed"
8,54,"Passed"
3,165,"Passed"
1,160,"Not Passed"
2,181,"Passed"
8,119,"Passed"
8,267,"Passed"
1,45,"Not Passed"
8,299,"Passed"
7,293,"Passed"
3,36,"Not Passed"
4,213,"Passed"
8,35,"Passed"
6,288,"Passed"
4,263,"Passed"
1,2,"Not Passed"
6,247,"Passed"
10,278,"Passed"
10,111,"Passed"
1,80,"Not Passed"
9,16,"Passed"
2,293,"Passed"
6,174,"Passed"
6,97,"Passed"
6,28,"Passed"
3,140,"Passed"
6,193,"Passed"
5,195,"Passed"
7,204,"Passed"
8,12,"Passed"
10,82,"Not Passed"
4,145,"Passed"
6,265,"Passed"
5,57,"Passed"
3,176,"Passed"
7,288,"Passed"
0,9,"Not Passed"
1,243,"Passed"
1,116,"Not Passed"
4,181,"Passed"
2,26,"Not Passed"
1,146,"Not Passed"
8,120,"Passed"
1,37,"Not Passed"
2,14,"Not Passed"
10,171,"Passed"
1,42,"Not Passed"
5,1,"Passed"
9,54,"Passed"
7,199,"Passed"
0,255,"Not Passed"
7,91,"Passed"
6,205,"Passed"
0,253,"Passed"
9,255,"Passed"
10,6,"Passed"
7,142,"Passed"
5,198,"Passed"
4,155,"Passed"
6,279,"Not Passed"
1,56,"Passed"
2,174,"Not Passed"
5,54,"Passed"
9,51,"Passed"
3,9,"Not Passed"
0,185,"Not Passed"
9,175,"Passed"
1,244,"Passed"
9,294,"Passed"
2,179,"Not Passed"
4,141,"Passed"
3,74,"Not Passed"
4,168,"Passed"
3,165,"Not Passed"
4,58,"Passed"
3,235,"Passed"
6,212,"Passed"
4,286,"Passed"
6,155,"Passed"
6,11,"Passed"
9,244,"Passed"
4,260,"Passed"
1,198,"Passed"
9,105,"Passed"
7,111,"Passed"
4,163,"Passed"
5,52,"Passed"
1,84,"Not Passed"
9,159,"Passed"
1,83,"Not Passed"
1,44,"Not Passed"
8,16,"Passed"
2,40,"Not Passed"
3,97,"Not Passed"
9,78,"Passed"
1,256,"Passed"
7,35,"Passed"
8,11,"Not Passed"
7,210,"Passed"
9,225,"Passed"
4,148,"Passed"
5,295,"Passed"
5,49,"Passed"
9,37,"Passed"
2,191,"Passed"
8,197,"Not Passed"
9,67,"Passed"
7,222,"Passed"
8,173,"Passed"
3,28,"Not Passed"
5,297,"Not Passed"
6,141,"Passed"
3,77,"Not Passed"
5,247,"Passed"
9,166,"Passed"
7,128,"Passed"
2,9,"Not Passed"
2,198,"Passed"
4,20,"Not Passed"
6,62,"Passed"
4,286,"Passed"
2,114,"Not Passed"
1,232,"Passed"
3,93,"Not Passed"
8,55,"Passed"
8,102,"Passed"
5,137,"Passed"
10,59,"Passed"
6,131,"Passed"
1,251,"Passed"
3,290,"Passed"
8,160,"Passed"
6,120,"Passed"
5,84,"Passed"
7,54,"Passed"
2,46,"Not Passed"
0,76,"Not Passed"
3,95,"Passed"
7,136,"Passed"
1,62,"Not Passed"
7,47,"Passed"
9,289,"Passed"
5,13,"Passed"
0,205,"Not Passed"
6,155,"Passed"
8,223,"Passed"
0,22,"Not Passed"
7,217,"Not Passed"
10,234,"Not Passed"
3,65,"Not Passed"
1,196,"Not Passed"
9,72,"Passed"
0,16,"Not Passed"
9,245,"Passed"
9,168,"Passed"
3,238,"Passed"
10,123,"Passed"
3,177,"Passed"
3,122,"Not Passed"
4,153,"Passed"
3,33,"Not Passed"
8,9,"Passed"
1,57,"Not Passed"
4,156,"Passed"
5,133,"Passed"
5,298,"Passed"
1,38,"Not Passed"
6,154,"Passed"
2,234,"Passed"
3,259,"Passed"
9,106,"Passed"
9,24,"Passed"
8,234,"Passed"
4,86,"Not Passed"
7,158,"Passed"
5,138,"Passed"
4,46,"Not Passed"
5,118,"Passed"
8,292,"Passed"
0,4,"Not Passed"
1,168,"Not Passed"
3,132,"Not Passed"
6,281,"Passed"
9,71,"Passed"
8,33,"Passed"
4,141,"Passed"
8,245,"Passed"
9,233,"Not Passed"
1,84,"Passed"
8,101,"Passed"
4,241,"Passed"
3,164,"Passed"
8,280,"Not Passed"
6,89,"Passed"
3,240,"Passed"
5,204,"Passed"
6,232,"Passed"
8,62,"Passed"
9,296,"Passed"
6,236,"Passed"
1,107,"Not Passed"
0,276,"Passed"
7,20,"Passed"
1,194,"Not Passed"
3,68,"Not Passed"
8,6,"Passed"
5,43,"Passed"
9,143,"Passed"
10,8,"Passed"
7,282,"Passed"
4,199,"Passed"
3,279,"Passed"
5,263,"Passed"
2,18,"Not Passed"
6,196,"Passed"
0,196,"Not Passed"
3,88,"Not Passed"
2,173,"Not Passed"
7,270,"Passed"
4,45,"Not Passed"
5,160,"Passed"
3,33,"Not Passed"
8,44,"Passed"
4,289,"Passed"
3,293,"Passed"
5,286,"Passed"
8,240,"Passed"
3,227,"Passed"
5,72,"Passed"
2,196,"Passed"
1,65,"Not Passed"
8,111,"Passed"
6,264,"Passed"
7,268,"Passed"
0,229,"Passed"
8,49,"Passed"
8,284,"Passed"
2,138,"Not Passed"
5,1,"Passed"
9,137,"Passed"
3,175,"Passed"
7,27,"Passed"
1,244,"Passed"
4,1,"Not Passed"
7,32,"Passed"
8,177,"Passed"
1,46,"Passed"
7,258,"Passed"
10,17,"Passed"
5,68,"Passed"
1,199,"Not Passed"
8,299,"Passed"
5,76,"Passed"
6,184,"Passed"
2,73,"Not Passed"
1,71,"Not Passed"
3,75,"Not Passed"
7,211,"Passed"
3,151,"Passed"
8,49,"Passed"
4,146,"Passed"
9,106,"Not Passed"
4,108,"Passed"
8,47,"Passed"
4,198,"Passed"
7,283,"Passed"
1,37,"Not Passed"
4,71,"Passed"
4,131,"Passed"
9,154,"Passed"
9,76,"Passed"
4,158,"Passed"
7,259,"Passed"
2,225,"Passed"
4,50,"Not Passed"
6,298,"Passed"
5,78,"Passed"
3,10,"Not Passed"
3,122,"Passed"
2,131,"Not Passed"
7,187,"Passed"
7,151,"Passed"
4,234,"Passed"
10,9,"Passed"
2,263,"Passed"
3,26,"Not Passed"
8,237,"Passed"
4,183,"Passed"
6,169,"Passed"
3,21,"Not Passed"
0,295,"Passed"
3,9,"Not Passed"
7,136,"Not Passed"
2,168,"Passed"
4,5,"Not Passed"
2,7,"Not Passed"
2,227,"Passed"
5,216,"Passed"
7,277,"Not Passed"
8,190,"Passed"
4,288,"Passed"
2,217,"Passed"
3,248,"Passed"
0,201,"Not Passed"
10,242,"Passed"
4,177,"Passed"
10,36,"Passed"
5,284,"Passed"
10,43,"Passed"
8,267,"Passed"
9,127,"Passed"
9,300,"Passed"
7,260,"Passed"
9,179,"Passed"
0,21,"Not Passed"
5,260,"Passed"
4,24,"Not Passed"
3,208,"Passed"
8,28,"Passed"
7,193,"Passed"
6,231,"Passed"
1,9,"Passed"
1,115,"Not Passed"
3,219,"Passed"
2,295,"Passed"
8,137,"Passed"
10,117,"Not Passed"
4,126,"Passed"
4,89,"Passed"
5,95,"Passed"
1,187,"Not Passed"
3,198,"Passed"
6,277,"Passed"
2,42,"Passed"
6,53,"Passed"
3,147,"Passed"
5,204,"Passed"
5,175,"Passed"
7,287,"Passed"
7,277,"Not Passed"
7,281,"Passed"
8,262,"Passed"
3,63,"Not Passed"
4,289,"Passed"
4,268,"Passed"
1,194,"Not Passed"
10,89,"Passed"
6,122,"Passed"
5,35,"Passed"
8,253,"Passed"
4,278,"Passed"
1,102,"Not Passed"
4,18,"Passed"
0,153,"Not Passed"
8,163,"Passed"
2,226,"Passed"
7,155,"Passed"
7,43,"Passed"
5,231,"Passed"
4,53,"Not Passed"
8,215,"Passed"
5,172,"Passed"
3,241,"Passed"
9,238,"Passed"
3,154,"Passed"
2,199,"Passed"
9,247,"Passed"
6,263,"Passed"
4,13,"Not Passed"
8,219,"Passed"
6,25,"Passed"
1,215,"Passed"
2,154,"Not Passed"
5,101,"Passed"
10,205,"Passed"
1,238,"Passed"
4,266,"Passed"
1,281,"Passed"
4,249,"Passed"
7,261,"Passed"
0,206,"Not Passed"
8,195,"Passed"
6,285,"Passed"
10,86,"Passed"
5,132,"Passed"
10,73,"Passed"
10,241,"Passed"
5,122,"Passed"
8,170,"Passed"
4,3,"Passed"
6,13,"Passed"
8,236,"Passed"
1,292,"Passed"
9,93,"Passed"
7,27,"Passed"
2,231,"Passed"
9,154,"Passed"
6,195,"Passed"
9,244,"Passed"
4,251,"Passed"
8,144,"Passed"
9,53,"Passed"
3,97,"Not Passed"
4,249,"Passed"
5,91,"Passed"
1,156,"Not Passed"
7,74,"Passed"
6,296,"Passed"
4,174,"Passed"
1,99,"Not Passed"
8,168,"Passed"
0,89,"Passed"
9,120,"Passed"
7,195,"Not Passed"
0,131,"Not Passed"
4,158,"Not Passed"
1,103,"Not Passed"
3,242,"Passed"
8,26,"Passed"
5,248,"Passed"
4,246,"Passed"
5,236,"Passed"
1,108,"Not Passed"
2,89,"Not Passed"
4,135,"Passed"
9,79,"Passed"
9,145,"Passed"
2,167,"Passed"
7,65,"Passed"
2,131,"Not Passed"
5,186,"Passed"
5,7,"Not Passed"
1,24,"Not Passed"
6,111,"Passed"
9,247,"Passed"
0,112,"Not Passed"
8,59,"Passed"
10,201,"Passed"
7,131,"Passed"
10,164,"Passed"
4,120,"Passed"
9,271,"Passed"
6,52,"Passed"
1,106,"Passed"
2,216,"Passed"
4,223,"Passed"
10,26,"Passed"
2,234,"Passed"
7,33,"Passed"
0,296,"Passed"
7,122,"Passed"
1,100,"Not Passed"
9,64,"Passed"
6,17,"Passed"
1,183,"Not Passed"
2,174,"Passed"
9,199,"Passed"
2,207,"Passed"
2,1,"Not Passed"
6,63,"Passed"
9,155,"Passed"
2,216,"Not Passed"
7,75,"Passed"
9,142,"Passed"
2,8,"Not Passed"
6,270,"Passed"
9,229,"Passed"
8,183,"Passed"
1,92,"Not Passed"
3,47,"Not Passed"
2,243,"Passed"
2,285,"Passed"
2,258,"Passed"
2,109,"Not Passed"
9,156,"Passed"
1,270,"Passed"
4,118,"Passed"
0,84,"Not Passed"
3,224,"Not Passed"
7,188,"Passed"
5,87,"Passed"
4,71,"Passed"
2,36,"Not Passed"
3,246,"Passed"
8,42,"Passed"
9,107,"Passed"
2,213,"Passed"
7,290,"Passed"
7,39,"Passed"
9,287,"Passed"
5,176,"Passed"
9,59,"Passed"
7,235,"Passed"
4,123,"Passed"
9,61,"Passed"
7,72,"Passed"
1,161,"Not Passed"
7,200,"Passed"
5,159,"Passed"
2,266,"Passed"
4,38,"Not Passed"
7,268,"Passed"
5,81,"Passed"
2,210,"Passed"
7,199,"Passed"
10,245,"Passed"
8,277,"Passed"
4,264,"Passed"
6,279,"Passed"
4,51,"Passed"
3,203,"Passed"
7,195,"Passed"
1,98,"Not Passed"
3,161,"Passed"
6,163,"Passed"
4,276,"Passed"
4,147,"Passed"
4,208,"Passed"
1,172,"Not Passed"
5,191,"Passed"
9,166,"Passed"
6,110,"Passed"
8,41,"Passed"
1,20,"Not Passed"
3,241,"Passed"
3,69,"Not Passed"
2,209,"Passed"
4,194,"Passed"
1,250,"Passed"
4,92,"Passed"
7,65,"Passed"
9,27,"Passed"
4,70,"Not Passed"
9,167,"Passed"
8,103,"Passed"
4,38,"Passed"
6,144,"Not Passed"
8,65,"Not Passed"
4,9,"Passed"
5,185,"Passed"
8,21,"Passed"
7,166,"Passed"
9,136,"Passed"
3,191,"Passed"
6,24,"Passed"
4,122,"Passed"
2,56,"Not Passed"
4,58,"Passed"
5,61,"Passed"
9,46,"Passed"
8,182,"Passed"
6,211,"Passed"
8,74,"Passed"
9,10,"Passed"
1,59,"Not Passed"
1,113,"Not Passed"
4,21,"Passed"
6,130,"Passed"
9,76,"Passed"
0,122,"Not Passed"
4,104,"Not Passed"
1,166,"Passed"
6,97,"Passed"
0,159,"Not Passed"
6,213,"Passed"
2,163,"Passed"
0,143,"Not Passed"
8,124,"Passed"
6,199,"Passed"
10,1,"Passed"
3,160,"Passed"
7,157,"Passed"
9,288,"Passed"
1,254,"Passed"
7,87,"Passed"
2,145,"Not Passed"
5,238,"Passed"
0,237,"Passed"
5,143,"Passed"
9,171,"Passed"
6,292,"Passed"
9,289,"Passed"
8,32,"Passed"
1,2,"Not Passed"
10,204,"Passed"
8,123,"Passed"
9,167,"Passed"
7,290,"Passed"
8,247,"Passed"
7,117,"Passed"
1,47,"Not Passed"
6,174,"Passed"
5,114,"Passed"
6,203,"Passed"
3,6,"Not Passed"
1,106,"Not Passed"
6,277,"Passed"
7,70,"Passed"
9,285,"Passed"
8,177,"Passed"
1,56,"Not Passed"
2,205,"Passed"
5,14,"Passed"
4,139,"Passed"
7,169,"Passed"
1,2,"Not Passed"
3,192,"Passed"
3,30,"Not Passed"
5,9,"Passed"
0,170,"Not Passed"
7,125,"Passed"
8,4,"Passed"
2,87,"Not Passed"
4,119,"Passed"
6,163,"Not Passed"
1,57,"Not Passed"
9,262,"Passed"
9,275,"Passed"
8,298,"Passed"
4,90,"Passed"
2,25,"Not Passed"
8,37,"Passed"
5,177,"Passed"
0,237,"Not Passed"
2,251,"Passed"
6,194,"Passed"
9,62,"Passed"
1,198,"Not Passed"
10,286,"Passed"
7,145,"Passed"
6,25,"Passed"
7,98,"Passed"
6,281,"Passed"
8,266,"Passed"
3,191,"Passed"
10,49,"Passed"
0,141,"Not Passed"
7,284,"Passed"
6,17,"Passed"
8,216,"Passed"
7,208,"Passed"
7,15,"Passed"
1,300,"Passed"
6,171,"Passed"
1,273,"Passed"
0,239,"Passed"
9,210,"Passed"
2,216,"Passed"
6,213,"Passed"
2,126,"Not Passed"
7,207,"Passed"
2,186,"Passed"
9,283,"Not Passed"
8,169,"Passed"
9,106,"Passed"
7,238,"Passed"
9,152,"Passed"
1,167,"Passed"
9,14,"Passed"
3,201,"Passed"
10,38,"Passed"
5,279,"Passed"
4,53,"Not Passed"
5,239,"Passed"
3,263,"Passed"
2,14,"Not Passed"
4,282,"Passed"
1,193,"Not Passed"
2,70,"Not Passed"
6,190,"Passed"
6,80,"Not Passed"
2,60,"Not Passed"
6,254,"Passed"
9,37,"Passed"
6,110,"Passed"
6,191,"Passed"
6,214,"Passed"
8,12,"Passed"
1,153,"Not Passed"
5,62,"Passed"
6,184,"Passed"
2,174,"Passed"
4,30,"Passed"
9,13,"Passed"
7,199,"Passed"
6,2,"Passed"
0,271,"Passed"
7,267,"Passed"
8,16,"Passed"
8,259,"Passed"
8,167,"Passed"
5,232,"Passed"
6,150,"Passed"
2,95,"Not Passed"
2,11,"Not Passed"
10,47,"Passed"
1,207,"Not Passed"
3,79,"Not Passed"
2,213,"Passed"
1,113,"Not Passed"
3,191,"Passed"
2,182,"Not Passed"
8,50,"Passed"
0,278,"Passed"
4,140,"Passed"
3,211,"Passed"
3,131,"Not Passed"
5,107,"Passed"
9,12,"Passed"
7,106,"Passed"
9,273,"Not Passed"
3,261,"Passed"
8,64,"Passed"
2,272,"Passed"
3,22,"Not Passed"
1,106,"Not Passed"
9,124,"Passed"
1,42,"Not Passed"
1,115,"Not Passed"
6,228,"Passed"
10,99,"Passed"
1,282,"Passed"
8,165,"Passed"
2,241,"Passed"
4,287,"Passed"
3,214,"Passed"
3,245,"Passed"
7,289,"Passed"
9,283,"Passed"
7,51,"Passed"
0,89,"Not Passed"
2,126,"Not Passed"
6,64,"Passed"
3,110,"Not Passed"
6,37,"Passed"
10,42,"Passed"
9,245,"Passed"
6,5,"Passed"
2,65,"Not Passed"
6,295,"Passed"
8,173,"Passed"
2,54,"Not Passed"
8,110,"Passed"
1,88,"Not Passed"
3,270,"Passed"
0,287,"Passed"
4,66,"Not Passed"
3,126,"Not Passed"
3,215,"Passed"
3,29,"Passed"
1,225,"Passed"
3,199,"Not Passed"
7,8,"Passed"
7,168,"Passed"
9,247,"Not Passed"
4,262,"Passed"
4,189,"Passed"
1,25,"Not Passed"
6,3,"Passed"
3,169,"Passed"
7,73,"Passed"
2,249,"Passed"
7,191,"Not Passed"
3,44,"Not Passed"
8,258,"Passed"
3,295,"Passed"
9,175,"Passed"
4,55,"Passed"
9,109,"Passed"
4,255,"Passed"
1,139,"Not Passed"
5,171,"Passed"
10,107,"Passed"
10,244,"Passed"
8,172,"Passed"
9,82,"Passed"
8,117,"Passed"
1,247,"Passed"
8,107,"Passed"
4,263,"Passed"
1,167,"Not Passed"
6,262,"Passed"
2,158,"Not Passed"
6,227,"Passed"
0,244,"Passed"
2,81,"Not Passed"
9,178,"Passed"
7,203,"Passed"
2,231,"Passed"
6,139,"Passed"
2,238,"Passed"
4,253,"Passed"
5,288,"Passed"
1,14,"Not Passed"
4,25,"Passed"
3,88,"Not Passed"
7,183,"Passed"
4,293,"Passed"
8,212,"Passed"
8,21,"Passed"
7,271,"Passed"
7,132,"Passed"
4,11,"Not Passed"
1,150,"Not Passed"
10,222,"Passed"
9,243,"Passed"
2,22,"Not Passed"
3,206,"Passed"
1,132,"Not Passed"
7,279,"Not Passed"
3,207,"Passed"
6,3,"Passed"
7,278,"Passed"
6,220,"Passed"
5,225,"Passed"
3,16,"Not Passed"
2,289,"Passed"
4,91,"Passed"
1,246,"Passed"
5,115,"Passed"
3,71,"Not Passed"
4,300,"Passed"
7,112,"Not Passed"
10,190,"Passed"
7,70,"Passed"
1,220,"Not Passed"
9,233,"Passed"
4,54,"Passed"
1,71,"Not Passed"
5,65,"Passed"
3,37,"Not Passed"
1,207,"Not Passed"
5,158,"Passed"
9,26,"Passed"
7,210,"Passed"
9,250,"Passed"
8,254,"Passed"
7,14,"Passed"
4,198,"Passed"
7,277,"Passed"
5,276,"Passed"
8,194,"Passed"
9,164,"Passed"
2,257,"Passed"
0,25,"Not Passed"
6,137,"Passed"
3,257,"Passed"
4,150,"Passed"
7,234,"Passed"
7,89,"Passed"
8,30,"Passed"
8,199,"Passed"
5,193,"Passed"
2,56,"Not Passed"
10,151,"Passed"
8,26,"Passed"
5,35,"Passed"
3,229,"Passed"
3,210,"Passed"
4,84,"Passed"
5,238,"Passed"
8,112,"Passed"
7,266,"Passed"
6,273,"Passed"
5,130,"Passed"
2,138,"Not Passed"
2,14,"Passed"
5,298,"Passed"
3,213,"Passed"
8,212,"Passed"
2,170,"Passed"
5,185,"Not Passed"
3,145,"Passed"
8,192,"Passed"
4,46,"Not Passed"
6,95,"Not Passed"
4,292,"Passed"
2,238,"Passed"
8,96,"Passed"
5,158,"Passed"
2,119,"Not Passed"
2,176,"Not Passed"
4,279,"Passed"
7,66,"Passed"
2,111,"Not Passed"
3,213,"Passed"
7,149,"Passed"
5,118,"Passed"
2,202,"Passed"
3,101,"Passed"
1,137,"Not Passed"
7,60,"Passed"
6,293,"Passed"
2,97,"Not Passed"
2,198,"Passed"
8,280,"Passed"
2,122,"Not Passed"
4,292,"Passed"
5,103,"Passed"
6,163,"Passed"
5,220,"Passed"
2,91,"Not Passed"
1,1,"Not Passed"
9,286,"Passed"
6,144,"Passed"
8,279,"Passed"
7,56,"Passed"
10,117,"Passed"
9,65,"Passed"
7,25,"Passed"
9,66,"Passed"
10,261,"Passed"
1,29,"Not Passed"
5,241,"Passed"
8,226,"Passed"
7,249,"Passed"
1,173,"Passed"
8,226,"Passed"
5,175,"Passed"
2,60,"Not Passed"
9,0,"Passed"
5,113,"Passed"
2,74,"Not Passed"
5,187,"Passed"
1,31,"Not Passed"
10,32,"Not Passed"
6,251,"Passed"
5,197,"Passed"
1,128,"Not Passed"
9,76,"Passed"
3,22,"Not Passed"
8,279,"Passed"
3,187,"Passed"
3,102,"Passed"
6,50,"Passed"
4,53,"Not Passed"
5,262,"Passed"
2,171,"Not Passed"
6,9,"Passed"
2,114,"Not Passed"
8,271,"Passed"
8,72,"Passed"
7,13,"Passed"
5,209,"Passed"
8,206,"Passed"
0,170,"Not Passed"
5,265,"Passed"
9,15,"Passed"
7,136,"Passed"
1,93,"Not Passed"
3,101,"Passed"
3,49,"Not Passed"
1,126,"Not Passed"
6,44,"Passed"
10,49,"Passed"
7,257,"Passed"
5,73,"Passed"
1,99,"Not Passed"
8,94,"Passed"
3,97,"Not Passed"
6,241,"Passed"
6,198,"Passed"
3,236,"Passed"
1,76,"Not Passed"
8,197,"Passed"
6,5,"Passed"
9,290,"Passed"
1,72,"Not Passed"
0,107,"Not Passed"
2,110,"Passed"
2,272,"Passed"
0,274,"Passed"
0,200,"Not Passed"
1,178,"Not Passed"
9,51,"Passed"
4,176,"Passed"
8,57,"Passed"
4,10,"Passed"
3,113,"Not Passed"
9,43,"Passed"
4,147,"Not Passed"
1,150,"Not Passed"
3,115,"Not Passed"
0,281,"Passed"
7,26,"Passed"
1,88,"Not Passed"
4,71,"Not Passed"
4,85,"Passed"
9,45,"Passed"
5,32,"Passed"
5,34,"Passed"
9,28,"Passed"
8,234,"Passed"
10,240,"Passed"
5,10,"Passed"
8,235,"Passed"
1,218,"Passed"
8,27,"Passed"
7,277,"Passed"
1,261,"Passed"
1,129,"Not Passed"
4,5,"Not Passed"
8,116,"Passed"
6,289,"Passed"
7,142,"Not Passed"
7,112,"Passed"
6,91,"Passed"
4,37,"Not Passed"
5,266,"Passed"
3,252,"Passed"
3,31,"Not Passed"
2,265,"Passed"
2,295,"Passed"
6,52,"Passed"
6,284,"Passed"
4,47,"Not Passed"
8,136,"Passed"
3,172,"Passed"
4,265,"Not Passed"
6,273,"Passed"
7,49,"Passed"
8,218,"Passed"
4,154,"Passed"
4,110,"Passed"
5,65,"Passed"
1,204,"Passed"
5,103,"Not Passed"
6,4,"Passed"
7,258,"Not Passed"
5,182,"Passed"
1,83,"Not Passed"
9,264,"Passed"
1,179,"Not Passed"
7,59,"Passed"
4,50,"Not Passed"
3,110,"Not Passed"
2,7,"Not Passed"
2,196,"Passed"
5,24,"Passed"
9,263,"Passed"
4,273,"Passed"
7,229,"Not Passed"
3,91,"Not Passed"
4,169,"Passed"
2,8,"Not Passed"
7,268,"Passed"
3,53,"Not Passed"
1,152,"Not Passed"
0,99,"Passed"
7,8,"Not Passed"
1,34,"Not Passed"
6,154,"Passed"
9,298,"Passed"
2,53,"Not Passed"
3,174,"Passed"
7,216,"Passed"
7,94,"Passed"
5,67,"Passed"
8,274,"Passed"
7,105,"Passed"
4,199,"Passed"
6,92,"Not Passed"
4,188,"Passed"
5,12,"Passed"
0,48,"Not Passed"
1,282,"Passed"
7,198,"Passed"
4,32,"Not Passed"
4,85,"Passed"
3,110,"Passed"
3,2,"Not Passed"
6,163,"Passed"
1,184,"Not Passed"
3,52,"Passed"
9,66,"Passed"
5,160,"Not Passed"
3,125,"Passed"
3,20,"Not Passed"
5,174,"Passed"
2,208,"Passed"
5,63,"Passed"
5,154,"Passed"
1,256,"Passed"
3,151,"Passed"
4,174,"Passed"
2,160,"Not Passed"
5,172,"Passed"
6,173,"Passed"
5,26,"Passed"
1,50,"Not Passed"
4,60,"Passed"
1,176,"Not Passed"
3,281,"Passed"
8,110,"Passed"
5,197,"Passed"
1,183,"Not Passed"
9,71,"Passed"
4,146,"Passed"
7,246,"Passed"
4,32,"Not Passed"
8,295,"Passed"
2,227,"Passed"
2,82,"Not Passed"
4,292,"Passed"
6,56,"Passed"
8,77,"Passed"
3,137,"Not Passed"
9,164,"Passed"
2,79,"Not Passed"
3,220,"Passed"
5,51,"Passed"
5,221,"Passed"
2,69,"Not Passed"
6,82,"Passed"
4,245,"Passed"
9,270,"Passed"
5,103,"Passed"
8,48,"Passed"
6,203,"Passed"
7,271,"Passed"
7,176,"Passed"
9,209,"Passed"
3,160,"Passed"
6,148,"Passed"
6,244,"Passed"
6,21,"Passed"
2,77,"Not Passed"
0,254,"Passed"
3,71,"Passed"
6,138,"Passed"
6,126,"Passed"
5,10,"Passed"
0,83,"Not Passed"
1,147,"Not Passed"
9,258,"Passed"
5,248,"Passed"
7,135,"Passed"
10,82,"Passed"
7,249,"Passed"
3,55,"Not Passed"
7,51,"Passed"
6,239,"Passed"
7,60,"Passed"
7,133,"Passed"
5,153,"Passed"
8,48,"Passed"
6,21,"Passed"
9,289,"Passed"
7,187,"Passed"
5,65,"Passed"
4,273,"Passed"
8,164,"Passed"
7,78,"Passed"
10,83,"Passed"
8,171,"Passed"
0,97,"Not Passed"
1,168,"Passed"
4,205,"Passed"
9,72,"Passed"
6,19,"Passed"
5,211,"Passed"
9,34,"Passed"
10,164,"Passed"
7,18,"Passed"
2,18,"Not Passed"
9,242,"Passed"
3,181,"Passed"
3,32,"Not Passed"
3,101,"Not Passed"
1,72,"Not Passed"
2,224,"Passed"
3,42,"Not Passed"
5,52,"Passed"
3,239,"Not Passed"
9,81,"Passed"
7,108,"Passed"
8,64,"Passed"
9,241,"Passed"
3,39,"Not Passed"
6,168,"Passed"
0,220,"Not Passed"
9,126,"Passed"
9,215,"Passed"
2,40,"Not Passed"
3,68,"Not Passed"
5,245,"Passed"
4,250,"Passed"
9,29,"Passed"
4,287,"Passed"
7,53,"Passed"
7,287,"Passed"
3,148,"Passed"
6,207,"Not Passed"
2,277,"Passed"
7,47,"Passed"
1,246,"Passed"
4,29,"Passed"
6,20,"Passed"
7,256,"Passed"
1,131,"Not Passed"
0,256,"Passed"
3,87,"Not Passed"
8,63,"Passed"
4,143,"Passed"
10,56,"Passed"
10,297,"Passed"
5,107,"Passed"
7,288,"Passed"
4,267,"Passed"
6,126,"Passed"
4,25,"Not Passed"
0,81,"Not Passed"
8,197,"Passed"
1,30,"Not Passed"
3,65,"Not Passed"
8,58,"Passed"
9,280,"Passed"
1,168,"Not Passed"
7,9,"Passed"
5,115,"Passed"
1,300,"Passed"
8,245,"Passed"
2,26,"Not Passed"
4,209,"Passed"
5,190,"Passed"
8,244,"Passed"
8,291,"Passed"
2,198,"Passed"
7,222,"Not Passed"
1,26,"Not Passed"
5,247,"Passed"
5,84,"Passed"
9,23,"Passed"
5,68,"Passed"
6,136,"Passed"
8,107,"Passed"
1,239,"Passed"
7,5,"Passed"
0,136,"Not Passed"
10,79,"Passed"
6,150,"Passed"
6,260,"Passed"
8,241,"Passed"
10,11,"Not Passed"
10,121,"Passed"
6,163,"Passed"
6,2,"Passed"
8,90,"Passed"
3,161,"Passed"
7,282,"Passed"
1,181,"Not Passed"
1,69,"Not Passed"
5,267,"Passed"
6,243,"Passed"
5,161,"Passed"
2,37,"Not Passed"
6,185,"Passed"
7,4,"Passed"
7,267,"Passed"
5,113,"Passed"
7,238,"Passed"
10,214,"Passed"
7,262,"Passed"
3,57,"Not Passed"
0,173,"Not Passed"
3,274,"Passed"
8,126,"Passed"
2,6,"Not Passed"
3,92,"Not Passed"
3,158,"Passed"
3,113,"Not Passed"
10,99,"Not Passed"
6,254,"Passed"
8,218,"Passed"
4,71,"Not Passed"
3,170,"Passed"
6,78,"Passed"
2,204,"Passed"
3,148,"Passed"
10,246,"Passed"
3,251,"Passed"
10,277,"Passed"
8,76,"Passed"
5,244,"Passed"
9,40,"Passed"
2,56,"Not Passed"
2,222,"Passed"
6,231,"Passed"
8,272,"Passed"
7,294,"Passed"
3,158,"Passed"
1,239,"Passed"
2,236,"Passed"
4,289,"Passed"
2,241,"Passed"
1,56,"Not Passed"
7,49,"Passed"
9,278,"Passed"
1,286,"Passed"
10,80,"Passed"
6,200,"Passed"
9,96,"Passed"
2,204,"Passed"
6,278,"Passed"
3,290,"Passed"
3,223,"Passed"
4,104,"Passed"
4,199,"Passed"
4,23,"Not Passed"
7,280,"Passed"
4,291,"Passed"
1,198,"Passed"
9,253,"Passed"
5,129,"Passed"
10,177,"Passed"
0,1,"Not Passed"
7,268,"Passed"
4,63,"Passed"
7,266,"Passed"
1,191,"Not Passed"
7,36,"Passed"
0,69,"Not Passed"
0,116,"Not Passed"
2,201,"Passed"
3,236,"Passed"
2,37,"Not Passed"
10,83,"Passed"
4,144,"Passed"
6,129,"Passed"
10,99,"Passed"
7,116,"Passed"
3,291,"Passed"
9,52,"Passed"
5,7,"Passed"
2,171,"Not Passed"
7,32,"Passed"
4,40,"Not Passed"
2,82,"Not Passed"
6,111,"Passed"
9,14,"Passed"
6,81,"Passed"
0,222,"Not Passed"
1,222,"Passed"
0,121,"Not Passed"
8,34,"Passed"
8,254,"Passed"
7,220,"Passed"
4,275,"Passed"
4,164,"Passed"
6,52,"Passed"
1,200,"Not Passed"
1,181,"Not Passed"
4,168,"Passed"
2,115,"Not Passed"
2,139,"Not Passed"
0,25,"Not Passed"
4,188,"Passed"
3,44,"Not Passed"
5,129,"Passed"
0,292,"Passed"
8,64,"Passed"
9,199,"Passed"
3,210,"Passed"
0,201,"Not Passed"
3,141,"Passed"
0,278,"Passed"
3,235,"Passed"
8,229,"Passed"
2,209,"Passed"
4,27,"Not Passed"
5,171,"Passed"
4,55,"Passed"
4,234,"Passed"
6,30,"Passed"
4,96,"Passed"
9,254,"Passed"
10,208,"Passed"
9,28,"Passed"
10,213,"Passed"
0,279,"Passed"
6,104,"Passed"
4,14,"Not Passed"
8,31,"Passed"
6,266,"Passed"
1,190,"Not Passed"
6,64,"Not Passed"
6,249,"Passed"
8,199,"Passed"
6,30,"Passed"
8,294,"Passed"
7,239,"Passed"
5,157,"Passed"
10,108,"Passed"
8,289,"Passed"
7,40,"Passed"
9,272,"Passed"
4,233,"Passed"
5,68,"Passed"
3,66,"Not Passed"
6,241,"Passed"
0,101,"Not Passed"
4,299,"Passed"
9,17,"Passed"
7,204,"Passed"
2,107,"Not Passed"
1,158,"Not Passed"
8,57,"Passed"
4,52,"Not Passed"
7,31,"Passed"
6,274,"Passed"
3,228,"Passed"
8,298,"Passed"
10,95,"Passed"
6,129,"Passed"
5,277,"Passed"
0,152,"Not Passed"
2,174,"Not Passed"
4,88,"Passed"
9,9,"Passed"
6,9,"Passed"
0,129,"Not Passed"
8,143,"Passed"
9,252,"Passed"
4,44,"Not Passed"
8,197,"Passed"
9,62,"Passed"
2,128,"Not Passed"
2,154,"Passed"
8,292,"Passed"
4,8,"Not Passed"
7,294,"Passed"
4,211,"Passed"
8,253,"Passed"
3,239,"Passed"
10,6,"Passed"
7,284,"Passed"
0,23,"Not Passed"
3,23,"Not Passed"
7,247,"Passed"
3,224,"Passed"
2,190,"Passed"
9,256,"Passed"
3,180,"Passed"
3,134,"Passed"
4,167,"Not Passed"
0,50,"Not Passed"
3,224,"Passed"
8,280,"Passed"
9,91,"Passed"
9,32,"Passed"
2,199,"Passed"
10,151,"Passed"
7,228,"Passed"
1,273,"Passed"
0,274,"Passed"
2,233,"Passed"
7,169,"Passed"
4,199,"Passed"
4,141,"Passed"
6,255,"Passed"
10,37,"Not Passed"
6,116,"Passed"
1,151,"Not Passed"
2,220,"Passed"
8,63,"Passed"
5,66,"Passed"
5,59,"Passed"
6,1,"Not Passed"
2,2,"Not Passed"
10,193,"Passed"
4,277,"Passed"
7,32,"Passed"
8,256,"Passed"
5,272,"Passed"
10,74,"Passed"
9,102,"Passed"
4,64,"Passed"
1,207,"Passed"
3,289,"Passed"
9,168,"Passed"
9,6,"Passed"
4,74,"Passed"
1,8,"Passed"
10,32,"Passed"
8,64,"Passed"
9,106,"Passed"
1,107,"Not Passed"
3,106,"Not Passed"
3,203,"Passed"
4,127,"Passed"
8,226,"Passed"
3,107,"Not Passed"
4,102,"Passed"
4,156,"Passed"
6,204,"Passed"
9,272,"Passed"
7,81,"Passed"
3,13,"Not Passed"
0,296,"Passed"
7,259,"Passed"
10,46,"Not Passed"
10,16,"Passed"
5,114,"Passed"
8,292,"Passed"
1,202,"Passed"
10,117,"Passed"
0,269,"Passed"
8,217,"Passed"
9,96,"Passed"
2,209,"Passed"
0,224,"Not Passed"
8,260,"Passed"
8,20,"Passed"
3,233,"Passed"
10,151,"Passed"
5,170,"Passed"
1,9,"Not Passed"
3,114,"Not Passed"
9,41,"Passed"
1,38,"Not Passed"
3,239,"Passed"
5,104,"Passed"
1,117,"Not Passed"
8,54,"Passed"
2,26,"Not Passed"
8,65,"Passed"
1,266,"Passed"
2,3,"Not Passed"
8,177,"Passed"
4,78,"Not Passed"
7,293,"Passed"
9,274,"Passed"
4,49,"Not Passed"
1,114,"Not Passed"
3,72,"Not Passed"
2,292,"Passed"
5,109,"Passed"
5,170,"Passed"
9,241,"Passed"
6,273,"Passed"
5,258,"Passed"
8,297,"Passed"
2,285,"Passed"
9,145,"Passed"
1,151,"Not Passed"
1,81,"Not Passed"
3,218,"Passed"
3,235,"Passed"
9,268,"Passed"
9,183,"Passed"
1,199,"Passed"
0,296,"Passed"
3,95,"Not Passed"
4,59,"Passed"
10,24,"Passed"
6,150,"Not Passed"
4,55,"Passed"
7,90,"Passed"
9,221,"Passed"
4,139,"Passed"
7,195,"Passed"
9,132,"Passed"
4,60,"Not Passed"
4,236,"Passed"
2,208,"Passed"
10,59,"Passed"
6,114,"Passed"
3,227,"Passed"
3,43,"Not Passed"
1,218,"Passed"
0,40,"Not Passed"
8,174,"Passed"
1,166,"Not Passed"
0,134,"Passed"
5,234,"Passed"
6,111,"Passed"
2,86,"Not Passed"
3,200,"Passed"
1,273,"Passed"
1,259,"Passed"
8,176,"Passed"
1,53,"Not Passed"
7,279,"Passed"
1,191,"Not Passed"
8,56,"Passed"
3,32,"Not Passed"
3,228,"Passed"
6,97,"Passed"
5,172,"Passed"
8,221,"Passed"
1,288,"Passed"
6,279,"Passed"
9,169,"Passed"
9,105,"Passed"
0,97,"Not Passed"
9,141,"Passed"
9,185,"Passed"
2,92,"Not Passed"
2,282,"Passed"
6,11,"Passed"
6,49,"Passed"
6,59,"Passed"
1,9,"Not Passed"
2,257,"Passed"
4,138,"Passed"
2,210,"Passed"
6,68,"Passed"
8,156,"Passed"
4,157,"Passed"
7,141,"Passed"
2,14,"Not Passed"
2,158,"Passed"
9,199,"Passed"
4,21,"Not Passed"
2,191,"Passed"
3,297,"Passed"
10,274,"Passed"
9,180,"Passed"
6,100,"Passed"
8,10,"Passed"
4,147,"Passed"
7,267,"Passed"
3,161,"Passed"
2,234,"Passed"
4,59,"Passed"
7,122,"Passed"
5,276,"Passed"
2,58,"Not Passed"
8,192,"Passed"
8,232,"Passed"
1,227,"Passed"
6,190,"Passed"
9,201,"Passed"
9,182,"Passed"
7,71,"Passed"
3,203,"Passed"
8,95,"Passed"
2,294,"Passed"
4,167,"Passed"
9,61,"Passed"
7,253,"Passed"
7,125,"Passed"
4,176,"Passed"
5,199,"Passed"
9,32,"Passed"
6,266,"Passed"
9,277,"Passed"
5,118,"Passed"
6,298,"Passed"
0,110,"Not Passed"
8,230,"Passed"
8,41,"Passed"
9,26,"Passed"
2,218,"Passed"
1,259,"Passed"
2,87,"Not Passed"
5,96,"Passed"
4,236,"Passed"
8,150,"Passed"
10,193,"Passed"
6,163,"Passed"
1,203,"Passed"
0,89,"Not Passed"
6,286,"Passed"
0,173,"Not Passed"
2,123,"Not Passed"
5,12,"Passed"
9,282,"Passed"
4,71,"Not Passed"
1,173,"Not Passed"
3,276,"Passed"
1,108,"Not Passed"
5,260,"Passed"
4,56,"Passed"
8,153,"Passed"
10,241,"Passed"
10,126,"Passed"
7,52,"Passed"
6,206,"Passed"
9,231,"Passed"
9,110,"Not Passed"
10,153,"Passed"
8,166,"Passed"
8,207,"Passed"
6,286,"Passed"
4,72,"Passed"
3,62,"Not Passed"
2,22,"Not Passed"
1,146,"Not Passed"
1,78,"Not Passed"
7,287,"Not Passed"
3,290,"Not Passed"
5,146,"Passed"
2,230,"Passed"
9,11,"Passed"
3,22,"Not Passed"
2,273,"Passed"
4,157,"Passed"
7,261,"Passed"
5,263,"Passed"
8,155,"Passed"
10,9,"Passed"
6,293,"Not Passed"
3,77,"Not Passed"
4,139,"Passed"
7,271,"Passed"
6,294,"Passed"
6,92,"Passed"
5,172,"Passed"
6,48,"Passed"
0,209,"Not Passed"
7,50,"Passed"
9,91,"Passed"
1,171,"Not Passed"
5,256,"Passed"
4,300,"Passed"
1,42,"Passed"
4,240,"Passed"
8,171,"Passed"
1,68,"Not Passed"
8,4,"Passed"
9,33,"Passed"
7,157,"Passed"
5,125,"Passed"
4,128,"Passed"
3,49,"Not Passed"
3,233,"Passed"
5,247,"Passed"
1,95,"Not Passed"
3,225,"Passed"
0,262,"Passed"
7,186,"Passed"
6,205,"Not Passed"
3,292,"Passed"
1,163,"Not Passed"
6,163,"Passed"
10,74,"Passed"
8,102,"Passed"
1,101,"Not Passed"
1,88,"Not Passed"
0,141,"Not Passed"
9,171,"Passed"
5,277,"Passed"
6,257,"Passed"
6,271,"Passed"
3,29,"Not Passed"
9,273,"Passed"
0,255,"Passed"
9,168,"Passed"
4,98,"Passed"
7,290,"Passed"
4,33,"Not Passed"
2,68,"Not Passed"
3,293,"Passed"
2,54,"Not Passed"
5,290,"Passed"
2,243,"Passed"
1,145,"Not Passed"
7,21,"Passed"
0,192,"Not Passed"
7,162,"Passed"
9,98,"Passed"
2,88,"Not Passed"
6,109,"Passed"
6,272,"Passed"
9,252,"Not Passed"
4,170,"Passed"
7,250,"Passed"
4,34,"Passed"
1,51,"Not Passed"
10,147,"Passed"
3,153,"Passed"
10,290,"Passed"
0,238,"Passed"
1,293,"Passed"
1,1,"Not Passed"
4,111,"Passed"
5,294,"Passed"
9,244,"Passed"
9,291,"Passed"
0,153,"Not Passed"
6,103,"Passed"
6,58,"Passed"
4,125,"Passed"
3,176,"Passed"
5,181,"Passed"
3,134,"Not Passed"
9,107,"Passed"
6,162,"Passed"
9,270,"Passed"
7,28,"Passed"
0,23,"Not Passed"
2,191,"Passed"
1,87,"Not Passed"
3,291,"Passed"
8,21,"Passed"
2,183,"Passed"
10,115,"Passed"
6,231,"Passed"
7,94,"Passed"
6,138,"Passed"
7,191,"Passed"
5,192,"Passed"
5,135,"Passed"
4,210,"Passed"
3,282,"Passed"
3,92,"Not Passed"
2,34,"Not Passed"
10,249,"Passed"
9,183,"Passed"
8,45,"Passed"
9,152,"Passed"
4,63,"Passed"
0,142,"Not Passed"
3,71,"Not Passed"
10,137,"Passed"
0,272,"Passed"
8,266,"Not Passed"
2,145,"Not Passed"
5,121,"Passed"
2,85,"Not Passed"
10,160,"Passed"
3,71,"Not Passed"
9,51,"Passed"
8,15,"Passed"
0,106,"Not Passed"
1,264,"Passed"
5,1,"Not Passed"
6,196,"Passed"
9,118,"Passed"
2,153,"Not Passed"
2,86,"Not Passed"
10,200,"Passed"
5,62,"Passed"
10,1,"Passed"
2,63,"Not Passed"
5,224,"Passed"
7,287,"Passed"
1,156,"Not Passed"
8,117,"Passed"
2,182,"Passed"
1,298,"Passed"
3,105,"Passed"
6,61,"Passed"
2,204,"Passed"
7,218,"Passed"
5,213,"Passed"
1,60,"Not Passed"
10,210,"Passed"
9,8,"Passed"
4,185,"Passed"
4,143,"Passed"
5,217,"Passed"
4,14,"Not Passed"
0,214,"Not Passed"
7,160,"Passed"
9,179,"Passed"
10,238,"Passed"
8,96,"Passed"
6,103,"Passed"
5,266,"Passed"
4,11,"Not Passed"
1,43,"Not Passed"
2,262,"Passed"
1,106,"Not Passed"
0,133,"Not Passed"
9,39,"Passed"
9,183,"Passed"
4,48,"Passed"
9,275,"Passed"
6,113,"Passed"
2,281,"Passed"
1,244,"Passed"
5,53,"Passed"
10,74,"Not Passed"
1,162,"Not Passed"
9,90,"Passed"
6,249,"Passed"
5,258,"Passed"
2,286,"Passed"
4,182,"Passed"
2,272,"Passed"
3,121,"Not Passed"
6,153,"Passed"
1,183,"Not Passed"
6,295,"Passed"
2,233,"Passed"
8,276,"Passed"
5,218,"Passed"
10,270,"Passed"
3,273,"Passed"
9,38,"Passed"
7,142,"Not Passed"
8,237,"Passed"
10,118,"Passed"
1,60,"Not Passed"
7,140,"Passed"
8,216,"Passed"
2,59,"Not Passed"
10,164,"Passed"
10,232,"Passed"
9,177,"Passed"
9,225,"Passed"
8,230,"Passed"
4,157,"Passed"
4,233,"Passed"
8,213,"Passed"
3,102,"Not Passed"
1,240,"Passed"
4,203,"Passed"
2,166,"Not Passed"
1,60,"Not Passed"
9,230,"Passed"
4,128,"Passed"
1,207,"Passed"
0,255,"Passed"
7,33,"Passed"
7,211,"Passed"
5,137,"Passed"
8,239,"Passed"
8,37,"Passed"
8,75,"Passed"
3,288,"Passed"
5,206,"Passed"
5,215,"Passed"
2,39,"Not Passed"
4,95,"Passed"
4,218,"Passed"
5,161,"Passed"
9,77,"Passed"
7,161,"Passed"
3,110,"Not Passed"
8,135,"Passed"
0,153,"Not Passed"
4,68,"Passed"
4,139,"Passed"
7,139,"Passed"
3,203,"Passed"
3,29,"Not Passed"
3,72,"Not Passed"
2,263,"Passed"
10,89,"Passed"
7,62,"Passed"
1,7,"Not Passed"
5,123,"Passed"
3,100,"Not Passed"
7,196,"Passed"
6,279,"Passed"
6,279,"Passed"
3,55,"Not Passed"
7,297,"Passed"
10,184,"Passed"
0,187,"Not Passed"
1,243,"Passed"
6,249,"Passed"
2,135,"Not Passed"
5,159,"Passed"
2,195,"Passed"
5,44,"Passed"
8,273,"Passed"
4,123,"Passed"
3,209,"Passed"
0,41,"Not Passed"
6,291,"Passed"
2,116,"Not Passed"
6,284,"Passed"
10,99,"Passed"
5,232,"Passed"
5,265,"Passed"
5,78,"Passed"
2,143,"Not Passed"
6,83,"Passed"
5,187,"Passed"
2,58,"Not Passed"
2,135,"Not Passed"
7,96,"Passed"
9,170,"Passed"
4,213,"Passed"
6,162,"Passed"
8,64,"Passed"
7,263,"Passed"
6,95,"Passed"
2,107,"Not Passed"
2,96,"Not Passed"
8,232,"Passed"
5,7,"Passed"
6,111,"Passed"
0,179,"Not Passed"
2,65,"Passed"
10,259,"Passed"
4,61,"Not Passed"
3,218,"Passed"
10,129,"Passed"
8,76,"Passed"
7,288,"Passed"
6,4,"Passed"
9,127,"Passed"
2,6,"Not Passed"
6,55,"Passed"
9,177,"Passed"
5,59,"Passed"
2,140,"Not Passed"
0,3,"Not Passed"
2,127,"Not Passed"
9,218,"Passed"
8,265,"Passed"
4,172,"Passed"
10,124,"Passed"
9,246,"Passed"
8,112,"Passed"
9,136,"Passed"
6,293,"Not Passed"
4,53,"Passed"
3,215,"Passed"
7,198,"Passed"
9,238,"Passed"
5,2,"Passed"
3,25,"Not Passed"
5,61,"Passed"
7,162,"Passed"
5,298,"Passed"
6,148,"Passed"
4,2,"Passed"
8,170,"Passed"
6,55,"Passed"
8,289,"Passed"
8,21,"Passed"
5,284,"Passed"
8,153,"Passed"
8,73,"Passed"
3,92,"Passed"
6,54,"Passed"
1,252,"Passed"
10,113,"Passed"
6,183,"Passed"
5,71,"Passed"
8,154,"Passed"
5,69,"Passed"
1,39,"Not Passed"
1,251,"Passed"
10,64,"Passed"
3,150,"Passed"
5,238,"Passed"
8,48,"Passed"
6,40,"Passed"
8,44,"Passed"
8,85,"Passed"
6,112,"Passed"
6,77,"Passed"
2,275,"Passed"
4,210,"Passed"
9,158,"Passed"
10,267,"Passed"
8,145,"Not Passed"
1,142,"Not Passed"
7,229,"Passed"
3,100,"Not Passed"
9,143,"Passed"
2,285,"Passed"
1,91,"Not Passed"
1,259,"Passed"
0,216,"Not Passed"
0,29,"Not Passed"
3,289,"Passed"
5,111,"Passed"
8,34,"Passed"
6,68,"Passed"
6,269,"Passed"
8,141,"Passed"
9,45,"Passed"
9,126,"Passed"
7,175,"Passed"
4,98,"Passed"
4,100,"Passed"
8,4,"Passed"
4,17,"Not Passed"
5,231,"Passed"
5,187,"Passed"
2,254,"Passed"
1,202,"Passed"
4,89,"Passed"
4,167,"Passed"
9,262,"Passed"
3,43,"Not Passed"
8,233,"Passed"
10,14,"Passed"
6,49,"Passed"
7,262,"Passed"
8,83,"Passed"
5,71,"Passed"
6,154,"Passed"
7,232,"Passed"
6,263,"Passed"
4,258,"Passed"
2,61,"Not Passed"
10,282,"Passed"
9,254,"Not Passed"
5,24,"Passed"
10,31,"Passed"
4,284,"Passed"
8,255,"Passed"
1,148,"Not Passed"
3,223,"Passed"
0,119,"Not Passed"
9,58,"Passed"
4,73,"Passed"
7,125,"Passed"
6,6,"Passed"
8,77,"Passed"
1,71,"Not Passed"
10,37,"Passed"
8,188,"Passed"
7,180,"Passed"
6,224,"Passed"
3,263,"Passed"
2,21,"Not Passed"
3,179,"Passed"
7,84,"Passed"
6,293,"Passed"
3,67,"Not Passed"
4,164,"Passed"
9,244,"Passed"
8,79,"Passed"
2,53,"Not Passed"
2,39,"Not Passed"
7,39,"Passed"
1,227,"Passed"
0,160,"Not Passed"
8,199,"Passed"
10,278,"Passed"
0,197,"Not Passed"
9,87,"Passed"
9,194,"Passed"
3,183,"Passed"
8,116,"Passed"
5,224,"Passed"
10,55,"Passed"
2,88,"Not Passed"
6,152,"Passed"
10,224,"Passed"
3,110,"Passed"
8,20,"Passed"
4,210,"Passed"
8,99,"Passed"
1,193,"Not Passed"
9,143,"Passed"
6,125,"Passed"
5,235,"Passed"
1,137,"Not Passed"
5,23,"Passed"
7,159,"Passed"
8,180,"Passed"
3,263,"Passed"
0,72,"Not Passed"
6,184,"Passed"
5,64,"Passed"
1,168,"Not Passed"
2,205,"Not Passed"
1,198,"Not Passed"
3,290,"Passed"
4,39,"Passed"
4,275,"Passed"
4,192,"Passed"
3,74,"Not Passed"
3,134,"Not Passed"
6,201,"Passed"
4,77,"Passed"
8,129,"Passed"
1,249,"Passed"
1,100,"Passed"
4,152,"Passed"
4,107,"Passed"
2,296,"Passed"
5,49,"Passed"
5,230,"Passed"
5,279,"Passed"
5,232,"Passed"
4,203,"Passed"
7,27,"Passed"
6,98,"Passed"
9,239,"Passed"
2,79,"Not Passed"
4,100,"Passed"
6,18,"Passed"
2,181,"Passed"
4,64,"Passed"
4,234,"Passed"
8,192,"Passed"
5,82,"Passed"
1,232,"Passed"
9,197,"Passed"
2,300,"Passed"
5,28,"Passed"
2,216,"Not Passed"
8,4,"Passed"
3,182,"Passed"
9,43,"Passed"
0,130,"Not Passed"
6,1,"Passed"
1,276,"Passed"
7,7,"Passed"
6,109,"Passed"
7,266,"Passed"
7,61,"Passed"
3,4,"Not Passed"
5,240,"Passed"
9,103,"Passed"
4,9,"Passed"
6,25,"Passed"
1,116,"Not Passed"
3,65,"Not Passed"
0,18,"Not Passed"
1,44,"Not Passed"
5,120,"Passed"
10,11,"Passed"
9,145,"Passed"
4,53,"Not Passed"
3,105,"Not Passed"
2,116,"Not Passed"
5,239,"Passed"
3,131,"Passed"
1,77,"Not Passed"
1,4,"Passed"
4,234,"Passed"
3,102,"Not Passed"
5,222,"Passed"
0,144,"Not Passed"
9,0,"Passed"
1,58,"Not Passed"
8,282,"Passed"
9,134,"Passed"
2,177,"Not Passed"
8,166,"Passed"
7,211,"Passed"
8,22,"Passed"
2,6,"Not Passed"
5,139,"Passed"
3,244,"Passed"
4,175,"Passed"
1,168,"Not Passed"
9,11,"Passed"
6,216,"Passed"
0,176,"Not Passed"
2,227,"Not Passed"
7,6,"Passed"
4,36,"Not Passed"
1,9,"Not Passed"
3,33,"Not Passed"
8,119,"Passed"
7,1,"Passed"
8,289,"Passed"
6,260,"Passed"
6,218,"Passed"
3,39,"Not Passed"
9,125,"Passed"
2,169,"Not Passed"
8,112,"Passed"
8,134,"Passed"
4,236,"Passed"
5,45,"Passed"
7,197,"Passed"
3,3,"Not Passed"
6,53,"Passed"
9,88,"Passed"
7,220,"Passed"
7,151,"Passed"
5,96,"Passed"
1,186,"Not Passed"
3,276,"Passed"
10,9,"Passed"
9,95,"Passed"
6,228,"Passed"
6,281,"Passed"
7,120,"Passed"
7,1,"Passed"
1,71,"Not Passed"
6,207,"Passed"
8,125,"Passed"
7,7,"Passed"
0,99,"Not Passed"
0,0,"Not Passed"
5,200,"Passed"
1,182,"Not Passed"
4,287,"Not Passed"
3,54,"Not Passed"
7,67,"Passed"
4,154,"Passed"
4,261,"Passed"
10,224,"Not Passed"
4,103,"Passed"
1,116,"Not Passed"
5,4,"Passed"
3,148,"Passed"
9,153,"Passed"
10,257,"Passed"
5,284,"Passed"
2,2,"Not Passed"
9,139,"Passed"
4,141,"Passed"
5,219,"Passed"
10,20,"Passed"
6,204,"Not Passed"
4,226,"Passed"
4,236,"Passed"
9,237,"Passed"
8,55,"Passed"
6,204,"Passed"
7,288,"Not Passed"
8,200,"Passed"
4,14,"Passed"
4,90,"Not Passed"
7,273,"Passed"
5,107,"Passed"
8,99,"Passed"
7,191,"Passed"
2,77,"Not Passed"
5,135,"Passed"
4,257,"Passed"
1,192,"Not Passed"
6,109,"Not Passed"
7,146,"Passed"
4,6,"Passed"
5,215,"Passed"
3,180,"Passed"
3,215,"Not Passed"
8,129,"Passed"
5,252,"Passed"
2,283,"Passed"
4,144,"Passed"
5,37,"Passed"
10,65,"Passed"
7,211,"Passed"
1,122,"Not Passed"
4,238,"Passed"
2,254,"Passed"
8,263,"Passed"
10,164,"Passed"
0,42,"Not Passed"
7,164,"Passed"
9,79,"Passed"
2,44,"Not Passed"
0,153,"Not Passed"
9,72,"Passed"
3,276,"Passed"
10,204,"Passed"
4,184,"Passed"
2,110,"Not Passed"
8,32,"Passed"
9,170,"Passed"
7,55,"Passed"
2,80,"Not Passed"
6,229,"Passed"
6,133,"Passed"
4,255,"Passed"
8,251,"Not Passed"
3,108,"Not Passed"
5,275,"Passed"
1,296,"Passed"
9,39,"Passed"
5,221,"Passed"
2,233,"Passed"
5,91,"Passed"
7,188,"Passed"
0,247,"Passed"
5,294,"Passed"
5,109,"Passed"
8,293,"Passed"
10,234,"Passed"
6,159,"Passed"
1,246,"Passed"
2,3,"Not Passed"
9,230,"Passed"
0,10,"Not Passed"
6,114,"Passed"
9,94,"Passed"
2,297,"Passed"
7,252,"Passed"
1,172,"Not Passed"
3,111,"Not Passed"
4,14,"Not Passed"
4,149,"Passed"
2,32,"Not Passed"
1,93,"Not Passed"
2,77,"Not Passed"
7,243,"Passed"
6,227,"Passed"
7,22,"Passed"
0,29,"Passed"
10,18,"Passed"
3,130,"Passed"
8,244,"Passed"
8,101,"Passed"
7,145,"Passed"
7,143,"Passed"
2,25,"Not Passed"
4,98,"Passed"
5,297,"Passed"
8,1,"Passed"
8,299,"Passed"
0,285,"Passed"
4,162,"Passed"
10,26,"Passed"
5,42,"Passed"
2,16,"Not Passed"
1,89,"Not Passed"
3,34,"Not Passed"
9,38,"Passed"
2,94,"Not Passed"
10,196,"Passed"
9,93,"Passed"
4,221,"Passed"
9,211,"Passed"
9,169,"Passed"
9,30,"Passed"
4,24,"Not Passed"
9,169,"Passed"
6,293,"Passed"
4,150,"Passed"
9,120,"Passed"
8,101,"Passed"
9,68,"Passed"
6,266,"Passed"
1,95,"Not Passed"
0,55,"Not Passed"
4,265,"Passed"
8,32,"Passed"
1,93,"Not Passed"
9,154,"Passed"
6,198,"Passed"
9,45,"Passed"
9,142,"Passed"
8,23,"Passed"
6,137,"Passed"
5,97,"Passed"
7,128,"Not Passed"
9,262,"Passed"
6,256,"Passed"
7,287,"Passed"
7,204,"Passed"
8,215,"Passed"
4,229,"Passed"
3,131,"Passed"
2,86,"Passed"
4,54,"Passed"
7,151,"Passed"
6,9,"Passed"
9,113,"Passed"
6,236,"Passed"
6,64,"Passed"
2,159,"Passed"
9,193,"Passed"
2,218,"Passed"
10,290,"Passed"
2,47,"Not Passed"
6,92,"Passed"
4,179,"Passed"
3,164,"Passed"
10,46,"Passed"
1,44,"Not Passed"
1,46,"Not Passed"
5,100,"Passed"
7,217,"Passed"
7,80,"Passed"
7,300,"Passed"
9,161,"Passed"
10,67,"Passed"
6,280,"Passed"
10,121,"Passed"
8,293,"Passed"
2,57,"Not Passed"
1,210,"Passed"
1,264,"Passed"
3,21,"Not Passed"
9,216,"Passed"
8,159,"Passed"
10,140,"Passed"
3,75,"Not Passed"
5,85,"Passed"
6,123,"Passed"
7,59,"Passed"
9,93,"Passed"
1,230,"Passed"
6,209,"Passed"
4,129,"Passed"
3,257,"Passed"
5,288,"Passed"
2,199,"Passed"
7,183,"Passed"
6,193,"Passed"
3,207,"Not Passed"
7,238,"Not Passed"
9,111,"Passed"
1,162,"Passed"
4,109,"Passed"
9,167,"Passed"
8,209,"Passed"
8,93,"Passed"
4,263,"Passed"
0,220,"Not Passed"
2,184,"Passed"
2,63,"Not Passed"
9,41,"Passed"
5,18,"Passed"
8,45,"Passed"
6,30,"Passed"
3,119,"Not Passed"
2,157,"Not Passed"
7,25,"Passed"
6,49,"Passed"
4,277,"Passed"
3,270,"Passed"
6,256,"Passed"
1,84,"Not Passed"
6,133,"Passed"
5,210,"Passed"
0,34,"Not Passed"
7,151,"Passed"
0,134,"Not Passed"
6,205,"Passed"
2,7,"Not Passed"
5,251,"Passed"
4,176,"Passed"
6,101,"Passed"
7,155,"Passed"
3,70,"Not Passed"
9,269,"Passed"
2,64,"Not Passed"
6,4,"Passed"
2,265,"Passed"
3,271,"Passed"
0,255,"Passed"
3,204,"Passed"
10,235,"Passed"
2,206,"Passed"
4,185,"Passed"
0,44,"Not Passed"
3,70,"Not Passed"
1,119,"Not Passed"
4,277,"Passed"
2,247,"Passed"
5,143,"Passed"
9,7,"Passed"
2,124,"Not Passed"
9,279,"Passed"
4,11,"Passed"
2,201,"Passed"
6,11,"Passed"
4,27,"Passed"
10,107,"Passed"
9,160,"Passed"
6,164,"Passed"
7,25,"Passed"
7,61,"Passed"
3,241,"Passed"
6,1,"Passed"
2,224,"Passed"
5,167,"Passed"
1,125,"Not Passed"
4,271,"Passed"
4,115,"Passed"
6,206,"Passed"
0,76,"Not Passed"
3,163,"Passed"
5,6,"Passed"
5,181,"Passed"
4,78,"Passed"
1,1,"Not Passed"
2,131,"Not Passed"
4,265,"Passed"
0,170,"Passed"
6,269,"Passed"
8,50,"Passed"
7,141,"Passed"
4,167,"Passed"
3,262,"Passed"
7,26,"Passed"
9,287,"Not Passed"
5,298,"Passed"
3,285,"Passed"
8,280,"Passed"
4,243,"Passed"
2,282,"Passed"
7,8,"Passed"
4,189,"Passed"
4,114,"Passed"
9,134,"Passed"
4,190,"Passed"
6,79,"Passed"
1,243,"Passed"
3,154,"Passed"
1,35,"Not Passed"
9,120,"Passed"
7,115,"Passed"
8,16,"Passed"
2,218,"Passed"
5,159,"Passed"
2,216,"Passed"
0,130,"Not Passed"
7,132,"Passed"
8,171,"Passed"
1,142,"Not Passed"
5,153,"Passed"
9,210,"Passed"
4,36,"Passed"
4,120,"Passed"
10,62,"Passed"
3,206,"Passed"
7,114,"Passed"
9,287,"Passed"
7,131,"Passed"
3,124,"Not Passed"
9,55,"Passed"
5,207,"Passed"
0,281,"Passed"
8,89,"Passed"
10,234,"Passed"
0,252,"Passed"
2,9,"Not Passed"
0,179,"Not Passed"
3,133,"Not Passed"
3,217,"Passed"
0,216,"Not Passed"
8,297,"Passed"
7,208,"Passed"
6,74,"Passed"
3,130,"Not Passed"
2,46,"Not Passed"
4,21,"Not Passed"
4,234,"Passed"
9,263,"Passed"
7,129,"Passed"
6,203,"Passed"
6,121,"Passed"
4,260,"Passed"
2,175,"Passed"
8,287,"Passed"
1,26,"Not Passed"
1,23,"Not Passed"
2,130,"Not Passed"
2,169,"Passed"
5,249,"Passed"
7,35,"Passed"
9,267,"Passed"
6,208,"Passed"
2,65,"Not Passed"
4,33,"Not Passed"
3,218,"Passed"
10,147,"Passed"
4,265,"Passed"
9,187,"Passed"
7,175,"Passed"
10,202,"Passed"
10,52,"Passed"
8,55,"Not Passed"
4,277,"Not Passed"
8,0,"Passed"
0,204,"Not Passed"
7,176,"Passed"
1,181,"Not Passed"
6,292,"Passed"
8,69,"Passed"
5,117,"Passed"
7,260,"Not Passed"
6,205,"Passed"
3,250,"Passed"
5,48,"Passed"
9,85,"Passed"
2,187,"Passed"
0,108,"Not Passed"
2,15,"Not Passed"
9,273,"Passed"
4,35,"Not Passed"
7,2,"Passed"
1,134,"Not Passed"
3,161,"Passed"
4,15,"Passed"
7,136,"Passed"
5,143,"Passed"
4,166,"Passed"
10,215,"Passed"
6,159,"Passed"
2,143,"Not Passed"
6,269,"Not Passed"
2,42,"Not Passed"
3,214,"Not Passed"
9,242,"Passed"
6,206,"Passed"
6,229,"Passed"
7,41,"Passed"
1,30,"Not Passed"
3,206,"Passed"
4,140,"Passed"
6,63,"Passed"
8,212,"Passed"
7,186,"Passed"
8,292,"Passed"
0,175,"Not Passed"
5,18,"Passed"
3,212,"Passed"
10,238,"Passed"
3,125,"Passed"
8,18,"Passed"
6,108,"Passed"
7,219,"Passed"
5,177,"Passed"
6,79,"Passed"
6,261,"Passed"
9,106,"Passed"
4,243,"Passed"
4,165,"Passed"
9,296,"Passed"
8,98,"Passed"
7,90,"Passed"
